1,Bahrain GP,Bahrain International Circuit,05/03/2023
2,Saudi Arabian GP,Jeddah Street Circuit,19/03/2023
3,Australian GP,Albert Park,02/04/2023
4,Azerbaijan GP,Baku City Circuit,30/04/2023
5,Miami GP,Miami International Autodrome,07/05/2023
6,Emilia Romagna GP,Autodromo Enzo e Dino Ferrari,21/05/2023
7,Monaco GP,Circuit de Monaco,28/05/2023
8,Spanish GP,Circuit de Catalunya,04/06/2023
9,Canadian GP,Circuit Gilles Villeneuve,18/06/2023
10,Austrian GP,Red Bull Ring,02/07/2023
11,British GP,Circuit Silverstone,09/07/2023
12,Hungarian GP,Hungaroring,23/07/2023
13,Belgian GP,Spa-Francorchamps,30/07/2023
14,Dutch GP,Circuit Zandvoort,27/08/2023
15,Italian GP,Autodromo Nazionale Monza,03/09/2023
16,Singapore GP,Marina Bay Street Circuit,17/09/2023
17,Japanese GP,Suzuka Circuit,24/09/2023
18,Qatar GP,Losail International Circuit,08/10/2023
19,United States GP,Circuit of the Americas,22/10/2023
20,Mexican GP,Autodromo Hermanos Rodriguez,29/10/2023
21,Brazilian GP,Autodromo Jose Carlos Pace Interlagos,05/11/2023
22,Las Vegas GP,Las Vegas Street Circuit,19/11/2023
23,Abu Dhabi GP,Yas Marina Circuit,26/11/2023
